<?xml version="1.0" encoding="UTF-8"?>
<project-private xmlns="http://www.netbeans.org/ns/project-private/1">
    <editor-bookmarks xmlns="http://www.netbeans.org/ns/editor-bookmarks/2" lastBookmarkId="0"/>
    <open-files xmlns="http://www.netbeans.org/ns/projectui-open-files/2">
        <group>
            <file>file:/C:/Users/Apurva%20Sawant/sawant_apurva_001289628/aed_fall_2016_project_aadesh_randeria_001224139/Final_Project/src/userinterface/StoreManagerRole/StoreWorkAreaJPanel.java</file>
            <file>file:/C:/Users/Apurva%20Sawant/sawant_apurva_001289628/aed_fall_2016_project_aadesh_randeria_001224139/Final_Project/src/Business/DB4OUtil/DB4OUtil.java</file>
            <file>file:/C:/Users/Apurva%20Sawant/sawant_apurva_001289628/aed_fall_2016_project_aadesh_randeria_001224139/Final_Project/src/Business/Network/Network.java</file>
            <file>file:/C:/Users/Apurva%20Sawant/sawant_apurva_001289628/aed_fall_2016_project_aadesh_randeria_001224139/Final_Project/src/userinterface/AdministrativeRole/ManageUserAccountJPanel.java</file>
            <file>file:/C:/Users/Apurva%20Sawant/sawant_apurva_001289628/aed_fall_2016_project_aadesh_randeria_001224139/Final_Project/src/Business/EcoSystem.java</file>
            <file>file:/C:/Users/Apurva%20Sawant/sawant_apurva_001289628/aed_fall_2016_project_aadesh_randeria_001224139/Final_Project/src/Business/Organization/Store.java</file>
            <file>file:/C:/Users/Apurva%20Sawant/sawant_apurva_001289628/aed_fall_2016_project_aadesh_randeria_001224139/Final_Project/src/userinterface/MainJFrame.java</file>
            <file>file:/C:/Users/Apurva%20Sawant/sawant_apurva_001289628/aed_fall_2016_project_aadesh_randeria_001224139/Final_Project/src/Business/Organization/Inventory.java</file>
            <file>file:/C:/Users/Apurva%20Sawant/sawant_apurva_001289628/aed_fall_2016_project_aadesh_randeria_001224139/Final_Project/src/Business/Organization/Composting.java</file>
            <file>file:/C:/Users/Apurva%20Sawant/sawant_apurva_001289628/aed_fall_2016_project_aadesh_randeria_001224139/Final_Project/src/Business/Organization/RecordList.java</file>
            <file>file:/C:/Users/Apurva%20Sawant/sawant_apurva_001289628/aed_fall_2016_project_aadesh_randeria_001224139/Final_Project/src/userinterface/TransportManagerRole/RequestTestJPanel.java</file>
            <file>file:/C:/Users/Apurva%20Sawant/sawant_apurva_001289628/aed_fall_2016_project_aadesh_randeria_001224139/Final_Project/src/userinterface/AnalysisMode/AnalysisMode.java</file>
        </group>
    </open-files>
</project-private>
